idOwner,imdb_rating,direction,writers,plot,length,name,year
tt0052698,"7,5",['Claude Sautet'],"['José Giovanni', 'Claude Sautet', 'Pascal Jardin']","Un despiadado criminal huye de la persecución, lo que implica cada vez más víctimas.",1h 50min,A todo riesgo,1960
tt0053357,"5,5",['Edward L. Cahn'],"['Robert E. Kent', 'Orville H. Hampton']",Tres asesinos profesionales irrumpen en la casa de un empleado del aeropuerto para disparar al avión en el que un primer ministro asiático debe abandonar Estados Unidos.,1h 11min,Three Came to Kill,1960
tt0052661,"6,1",['Alfred Weidenmann'],"['Herbert Reinecker', 'Igor Sentjurc']",Añade un argumento en tu idioma,1h 32min,Las dos caras del destino,1960
tt0053228,"6,2",['Jürgen Roland'],"['Edgar Wallace', 'Egon Eis', 'Wolfgang Menge']","Añade un argumento en tu idioma
A strange, red circle appears on the neck of a man saved from the guillotine. What is its mysterious meaning? Tragically, it turns out to be something of a family curse, as each generation thereafter bears the same sign, which in turn leads to blackmail and murder.",1h 32min,El círculo rojo,1960
tt0053752,"6,6",['John Guillermin'],"['John Brophy', 'Howard Clewes', 'Richard Maibaum']","Añade un argumento en tu idioma
In 1901, a group of IRA members decides to rob the Bank of England in order to finance their movement and to embarrass the British government.",1h 25min,El robo al banco de Inglaterra,1960
tt0051874,"5,8",['René Cardona'],"['Adolfo Torres Portillo', 'Carmen Toscano']","Felipe y Margarita se casan y tienen al pequeño Jorgito, y su tío Gerardo les cuenta la maldición que acecha al primer hijo de la familia.",1h 15min,La Llorona,1960
tt0053063,"5,9",['Etienne Périer'],"['Pierre Boileau', 'Thomas Narcejac', 'Dominique Fabre']","Añade un argumento en tu idioma
(1961) Danielle Darrieux, Michael Auclair. A singer believes she's being haunted by the ghost of her dead husband.",1h 33min,Meurtre en 45 tours,1960
tt0052997,"7,2",['Basil Dearden'],"['Bryan Forbes', 'John Boland']",Un veterano descontento recluta a un grupo de colegas caídos en desgracia para realizar un atraco a un banco con precisión militar.,1h 56min,La Liga de los caballeros,1960
tt0053979,"6,3",['Luis Alcoriza'],['Luis Alcoriza'],"Añade un argumento en tu idioma
Lorenzo Gómez, ""El Gato"" and his gang, assault the car where Alicia and a boy were kissing each other.",1h 40min,Los jóvenes,1961
tt0053829,"6,6",['Will Tremper'],['Will Tremper'],"Añade un argumento en tu idioma
An East German farmer is being harassed by SED (Sozialistische Einheitspartei Deutschlands) superiors since he is no longer willing to submit to the forced collectivization. He plans to flee to the West.",1h 44min,Huída a Berlin,1961
tt0054071,"7,2",['Pierre Grimblat'],"['Pierre Grimblat', 'Jean-Michel Sorel', 'François Truffaut']","Añade un argumento en tu idioma
A down-on-his-luck reporter is framed on espionage charges by the government after taking some photos the government didn't want made public. He finds that in order to clear himself he has to transport some highly classified microfilm and find out who the spy is in the government who has been giving secret information about missile sites to the enemy.",1h 25min,Servicio secreto,1961
tt0054712,"5,4",['Riccardo Freda'],"['Marcello Coscia', 'Dino De Palma', 'Luciano Martino']","Añade un argumento en tu idioma
Italian cinema version of the first part of Victor Hugo's classic novel ""Les Miserables"".",1h 40min,Caccia all'uomo,1961
tt0054054,"5,1","['Federico Curiel', 'Stillman Segar']","['Federico Curiel', 'Alfredo Ruanova', 'Carlos Enrique Taboada']","Añade un argumento en tu idioma
An aristocratic vampire swears an oath to kill the enemies who killed his father. In order to terrify them even further, he warns each one when he is coming for them.",1h 18min,La maldición de Nostradamus,1961
tt0054733,"5,9",['William Witney'],['Leo Gordon'],"Añade un argumento en tu idioma
A burglar steals a briefcase. Unknown to him, it contains a valuable secret formula. So he has the police on his trail--plus the owner of the formula and a ruthless spy...",1h 5min,The Cat Burglar,1961
tt0054691,"3,6",['Ralph Brooke'],"['Ralph Brooke', 'Richard Connell']","Añade un argumento en tu idioma
A crazed hunter kidnaps people and turns them loose on his private estate, where he hunts them for sport.",1h 8min,Bloodlust!,1961
tt0054823,"4,9",['Sidney J. Furie'],"['Nathan Juran', 'James Kelley', 'Peter Miller']","Añade un argumento en tu idioma
People are mysteriously disappearing near a remote Cornish village, where a scientist is experimenting; reviving the dead.",1h 32min,Doctor Blood's Coffin,1961
tt0054817,"5,5",['Bill Karn'],"['Cay Forester', 'Palmer Thompson', 'Robert L. Joseph']","Añade un argumento en tu idioma
A murderous thug and his cohorts take a bank executives wife hostage after their robbery plans go awry.",1h 20min,Five Minutes to Live,1961
tt0054731,"7,5",['Quentin Lawrence'],"['David T. Chantler', 'Lewis Greifer', 'Jacques Gillies']","Añade un argumento en tu idioma
A charming but ruthless criminal holds the family of a bank manager hostage as part of a cold-blooded plan to steal 97,000 pounds.",1h 29min,Cash on Demand,1961
tt0053615,"3,6",['Federico Curiel'],"['Federico Curiel', 'Alfredo Ruanova']","Añade un argumento en tu idioma
The evil scientist Dr. Caronte plots to revive the brains of three dead scientists and use them to obtain the formula for the super-powerful neutron bomb. The resulting creation needs blood lots of blood, sending Caronte's midget assistant Nick and his legion of mutant monsters out to get fresh victims. However, the masked atom-superman Neutron vows to put a stop to C... Leer todo",1h 20min,Los autómatas de la muerte,1962
tt0054078,"4,8",['Antonio Isasi-Isasmendi'],"['Lluís Josep Comerón', 'Jorge Illa', 'Antonio Isasi-Isasmendi']","Añade un argumento en tu idioma
Isabel and Enrique form a couple that get married after the success that they have obtained with a number of conjuring. But during the wedding night, the woman disappears mysteriously. Enrique gradually becomes convinced that his wife has abandoned him for another man.",1h 35min,La mentira tiene cabellos rojos,1962
tt0054401,"6,5",['Marcello Baldi'],"['Marcello Baldi', 'Elio Bartolini']","Añade un argumento en tu idioma
A gritty little intrigue thriller with Palance as an ex-nazi doctor in hiding. While riding on a train, he is recognized by passengers who remember him from their prisoner of war camp days. One thing leads to another and when Palance is cornered, he commits murder! He then takes a girl hostage.",1h 35min,Il criminale,1962
tt0054821,"7,7",['Jean-Pierre Melville'],"['Pierre Lesou', 'Jean-Pierre Melville']","Un ladrón que traiciona a otros criminales, prepara un gran golpe con un amigo de confianza que al final resulta ser poco fiable.",1h 48min,El confidente,1962
tt0054668,"5,0",['Chano Urueta'],"['Federico Curiel', 'Adolfo López Portillo', 'Antonio Orellana']","Añade un argumento en tu idioma
In 1661 Mexico, the Baron Vitelius of Astara is sentenced to be burned alive by the Holy Inquisition of Mexico for witchcraft, necromancy, and other crimes. As he dies, the Baron swears vengeance against the descendants of the Inquisitors. 300 years later, a comet which was passing overhead on the night of the Baron's execution returns to earth, bringing with it the B... Leer todo",1h 17min,El barón del terror,1962
tt0055783,"7,0",['Biren Nag'],"['Dhruva Chatterjee', 'Dev Kishan']","Añade un argumento en tu idioma
When a young man's family gets haunted by a spirit, he is warned not to return to his hometown, but he decides to investigate the issue.",2h 38min,Bees Saal Baad,1962
tt0054913,"5,7",['Werner Klingler'],"['Gustav Kampendonk', 'Bryan Edgar Wallace']","Añade un argumento en tu idioma
A killer who uses a knife is knocking off guests at a hotel in London's Soho district. A police detective is sent to investigate.",1h 25min,El misterio de la maleta negra,1962
tt0055824,"7,7",['J. Lee Thompson'],"['John D. MacDonald', 'James R. Webb']",La familia de un abogado es acosada por un hombre al que ayudó a meter en la cárcel.,1h 46min,El cabo del terror,1962
tt0055887,"4,2",['Robert Gottschalk'],"['Paul Strait', 'Robert Gottschalk']","Añade un argumento en tu idioma
The crew of a fishing boat discovers a deserted luxury yacht at sea with a dead body on board. They claim the yacht as salvage, not knowing that a drug smuggling ring has hidden $500,000 worth of heroin on the boat.",1h 16min,Dangerous Charter,1962
tt0054730,"5,2","['Alfredo B. Crevenna', 'Alberto Mariscal']","['Mario García Camberos', 'Alfredo Ruanova']",Añade un argumento en tu idioma,1h 26min,La casa de los espantos,1963
tt0054887,"6,0",['János Veiczi'],"['Heinz Hafke', 'Hans Lucke', 'Harry Thürk']","Añade un argumento en tu idioma
The ""Concordia"" trading company in Würzburg is a secret headquarters of the MID, a secret service agency of the US Army. For years, espionage, sabotage, and diversion operations originated from here in order to undermine the Socialist Republic of Germany. A favorable moment for a military attack approaches and plans are developed. These plans are placed in the hands o... Leer todo",1h 43min,Streng geheim,1963
tt0055863,"5,4",['José Bénazéraf'],"['Anne-Marie Devillers', 'Guy Fanelli', 'José Bénazéraf']","Añade un argumento en tu idioma
A French crime potboiler starring Verner and Kalfon as rival gang leaders who clash over control of the narcotics trade.",1h 15min,Le concerto de la peur,1963
tt0055128,"6,5",['Rafael Baledón'],"['Fernando Galiana', 'Rafael Baledón']","Añade un argumento en tu idioma
After fifteen years of being away, a woman returns with her husband to her aunt's hacienda in the Mexican countryside, without realizing that her relative is a sorceress who wants to use her to bring an evil witch back to life.",1h 20min,La maldición de la Llorona,1963
tt0055021,"5,3",['Miguel Morayta'],['Miguel Morayta'],"Añade un argumento en tu idioma
A doctor and his assistant hunt down a vampire named Count Frankenhausen, who is terrorizing the populace.",1h 32min,La invasión de los vampiros,1963
tt0056925,"6,4",['Jesús Franco'],"['Charles Exbrayat', 'Jesús Franco', 'Gonzalo Sebastián de Erice']","Basada en la novela ""Vous souvenez-vous de Paco"".",1h 40min,Rififí en la ciudad,1963
tt0056923,"7,8",['Stanley Donen'],"['Peter Stone', 'Marc Behm']",El romance y el suspense se suceden en París cuando una mujer es perseguida por varios hombres que quieren una fortuna que su marido asesinado había robado. ¿En quién puede confiar?,1h 53min,Charada,1963
tt0057332,"6,8",['Moni Bhattacharjee'],['Agha Jani Kashmiri'],"Añade un argumento en tu idioma
A notorious bandit continues to elude the authorities and strikes terror in the region.",1h 35min,Mujhe Jeene Do,1963
tt0057076,"7,3",['Terence Young'],"['Richard Maibaum', 'Johanna Harwood', 'Ian Fleming']",James Bond cae voluntariamente en un complot de asesinato que involucra a una ingenua belleza rusa para recuperar un dispositivo de encriptación soviético que fue robado por SPECTRE.,1h 55min,Desde Rusia con amor,1963
tt0056459,"4,4",['Gilbert Kay'],"['Stephen Longstreet', 'Charles Martin']","Añade un argumento en tu idioma
World War II espionage in Lisbon with Allied safe-crackers cultivating a master spy and his wife so they can steal Japanese codes that are keys to Axis battle plans.",1h 12min,The Secret Door,1964
tt0055953,"5,0",['León Klimovsky'],['Antonio Fos'],"Añade un argumento en tu idioma
A girl who is engaged leaves the nightclub where she works. On her way home, she is the only witness of a horrible murder. Unfortunately for her, the killer has seen her. Since then, her life starts to turn into a real nightmare, because the killer is determined to eliminate her.",1h 27min,Ella y el miedo,1964
tt0057498,"4,7",['Ernest Morris'],"['Ronald Liles', 'Reginald Hearne']","Añade un argumento en tu idioma
An aide at the American Embassy in London finds himself involved with both Scotland Yard and the French police over the kidnapping of the son of a Mafia boss who has spilled the beans back in the States.",1h 10min,The Sicilians,1964
tt0057082,"5,8","['Julio Coll', 'Luis García']","['Sidney W. Pink', 'Luis de los Arcos']","Añade un argumento en tu idioma
A married man has a brief affair, then goes back to his wife and children. His jilted mistress, believing that if he had no more family he'd come back to her, sets fire to his house, hoping to kill them. The man, unsuccessfully trying to rescue them, is horribly burned. After he undergoes an operation to reconstruct his face, he begins to plot his revenge against his ... Leer todo",1h 30min,Fuego,1964
tt0057938,"6,2","['Ottavio Alessi', 'Paolo Heusch']","['Bruno Corbucci', 'Giovanni Grimaldi', 'Ottavio Alessi']","Añade un argumento en tu idioma
A pair of brothers, Baby Toto and Pietro, sons of different mothers, live stealing suitcases at the Termini Station in Rome. After a theft they discover that the stolen suitcase they got from an apparent sweet old lady actually contains a corpse.",1h 50min,Che fine ha fatto Totò baby?,1964
tt0057924,"5,7","['Warren Kiefer', 'Luciano Ricci']","['Paul Maslansky', 'Warren Kiefer', 'Fede Arnaud']","El Conde Drago invita a artistas a su castillo, pero lo que la gente no sabe es que Drago momifica animales y humanos.",1h 31min,The Castle of the Living Dead,1964
tt0057908,"5,7",['Mario Mattoli'],"['Franco Enna', 'Roberto Gianviti', 'Mario Mattoli']","Añade un argumento en tu idioma
Laura is the victim of a blackmail, asks for help to her childhood friends Renata, Marina and Giovanna in the meantime become a nun to collect the amount requested.",1h 30min,Cadavere per signora,1964
tt0058011,"6,0",['Don Sharp'],['Jimmy Sangster'],"Un buque corsario averiado deserta de la Armada española y desembarca para realizar reparaciones cerca de un pueblo de la costa británica, aterrorizando a los habitantes locales.",1h 26min,Los piratas del Diablo,1964
tt0058049,"6,8",['Erik Balling'],"['Erik Balling', 'Jens K. Holm']","Añade un argumento en tu idioma
Entering a house to borrow the phone, a crime writer finds a murdered man and is knocked out. The police calls it suicide. A boy helps him investigate.",1h 38min,Døden kommer til middag,1964
tt0057148,"6,0",['Rafael Baledón'],"['José María Fernández Unsáin', 'Ramón Obón']","Añade un argumento en tu idioma
Odyssey of a man involved in a criminal activity, which leads him to his moral and material failure.",1h 20min,Un hombre en la trampa,1965
tt0057485,"5,3",['Silvio Amadio'],"['Silvio Amadio', 'Giovanni Simonelli']","Añade un argumento en tu idioma
In this crime-thriller, Rome proves to be an unhappy destination for an American couple when the husband is kidnapped and his wife begins a desperate search for him.",1h 44min,El secreto de Bill North,1965
tt0057926,"6,2",['Gordon Hessler'],"['Jay Bennett', 'Daniel Mainwaring']","Añade un argumento en tu idioma
An astute businesswoman is completely devoted to her faithless husband, who must kill her to carry on with her pretty young niece. It turns out that the dead don't die so easily.",1h 29min,Catacombs,1965
tt0057948,"6,7",['Ramón Obón'],['Ramón Obón'],"Añade un argumento en tu idioma
A husband and his lover hatch a plan to murder his wife, and a woman is buried alive in a mausoleum.",1h 40min,Cien gritos de terror,1965
tt0057972,"6,6",['José Luis Borau'],"['Juan Miguel Lamet', 'Rodrigo Rivero Balestia']","Añade un argumento en tu idioma
Andrés, son of a famous pianist, discovers the corpse of a tuner killed in his shop, located in the basement of his house. Then a suspect leaves, but in the fear of possible reprisals he doesn't tell anything to the police, only to his wife Laura. From that moment on, Andrés feels threatened and persecuted.",1h 30min,Crimen de doble filo,1965
tt0057857,"5,5",['René Cardona'],"['René Cardona Jr.', 'René Cardona']","Añade un argumento en tu idioma
Masked hero El enmascarado de oro faces a criminal that turns invisible.",1h 25min,El asesino invisible,1965
tt0058216,"6,0",['Freddie Francis'],['Jimmy Sangster'],"Añade un argumento en tu idioma
After a car accident in England, an American develops amnesia and tries to find his true identity, using various clues, but ends-up in the midst of a mysterious murder.",1h 25min,Hysteria,1965
tt0058610,"5,9",['John Newland'],"['Joseph Calvelli', 'Clyde Ware']","Añade un argumento en tu idioma
U.N.C.L.E. agents Napoleon Solo and Illya Kuryakin are sent to the Swiss Alps to find a secret nuclear weapon design but T.H.R.U.S.H. agents kidnap Solo and replace him with a look-alike double.",1h 28min,Espia con mi cara,1965
tt0058381,"5,5",['Mario Camus'],"['Mario Camus', 'Carlos Saura']","Añade un argumento en tu idioma
A salesman discovers that his wife has died under strange circumstances. Examining these circumstances it becomes obvious to him that they were mainly caused by himself.",1h 35min,Muere una mujer,1965
tt0058865,"5,5","['Ernst Ritter von Theumer', 'Peter Jacob']","['Kurt Vogelmann', 'Antonio del Amo']","Añade un argumento en tu idioma
The FBI sends agents to Jamaica to investigate arms smuggling to revolutionaries in Santo Domingo.",1h 28min,"001, operación Caribe",1965
tt0058359,"5,0",['Agustín Navarro'],"['Pino Belli', 'Juan Miguel Lamet']",Añade un argumento en tu idioma,1h 26min,El misterioso señor Van Eyck,1966
tt0058878,"5,1",['Manfred R. Köhler'],"['Manfred R. Köhler', 'Mario Siciliano']","Añade un argumento en tu idioma
Something bad is being planned in Beirut, and it has something to do with a man called The Sheikh, who has only four fingers. It seems this isn't a lone incident. The Sheikh is also thought to be behind the assassination of several prominent scientists.",1h 33min,"Agente 505, muerte en Beirut",1966
tt0060044,"6,5",['Arthur Dreifuss'],"['Arthur Dreifuss', 'Dity Oorthuys', 'Leo Derksen']","Añade un argumento en tu idioma
Painter Peter Hartman is arrested at the scene of a murder. He soon turns out to have ties to the victim's young widow. As Inspector Stroomer begins to unravel the mystery, two very different sides of the story are presented to him. Now it is up to Stroomer to find enough photographic evidence to make out which version is the truth.",1h 36min,10.32,1966
tt0059013,"7,1",['Miguel M. Delgado'],['Fernando Galiana'],"Añade un argumento en tu idioma
Federal agent infiltrates smuggling gang in seaport.",,Cargamento prohibido,
tt0059648,"5,5",['Sergio Sollima'],"['Sergio Donati', 'Sergio Sollima', 'Antonio del Amo']","Añade un argumento en tu idioma
A veteran US Secret Service agent must thwart the covert conspiracy of an enemy spy network that threatens the world's safety.",1h 42min,Consigna: Tánger 67,1966
tt0059935,"5,7",['Giorgio Stegani'],"['Remigio Del Grosso', 'José Luis Martínez Mollá', 'Giorgio Stegani']","Añade un argumento en tu idioma
Doctor Morrow, a scientist who works for NASA, has mysteriously disappeared and the agent Lemmy Logan is in charge of the case.",1h 32min,S077: Operación relámpago,1966
tt0060052,"5,7",['Angelo Dorigo'],"['Sergio Bazzini', 'Ernesto Gastaldi', 'Roberto Natale']","Añade un argumento en tu idioma
After a rich mine worker dies in mine accident, his heirs gather in his house to hear the reading of the will.",1h 16min,A... come assassino,1966
tt0060295,"5,7",['Raoul Lévy'],"['Robert Guenette', 'Raoul Lévy', 'Paul Thomas']","Añade un argumento en tu idioma
An American scientist is sent by the CIA to East Germany to retrieve a secret microfilm from a Soviet scientist interested in defecting to the West but the Stasi secret police's surveillance complicates matters.",1h 40min,El desertor,1966
tt0056855,"5,5",['José Díaz Morales'],"['José Díaz Morales', 'Rafael García Travesi', 'Fernando Osés']","Añade un argumento en tu idioma
The evil Baron Brakola wakes up from his sleep in order to take revenge and defeat the man in the silver mask.",1h 17min,El barón Brákola,1967
tt0060093,"5,2",['Dariush Mehrjui'],"['Reza Fazeli', 'Dariush Mehrjui']","Añade un argumento en tu idioma
A professor who found out a formula to make diamonds from oil is killed in Tehran and his nephew who is a spy is sent to Tehran by Interpol in order to find the formula.",2h,Almaas 33,1967
tt0060374,"5,0",['Riccardo Freda'],"['Paul Kenny', 'Bertrand Tavernier', 'Christian Plume']","Añade un argumento en tu idioma
Secret agent Francis Coplan is given the task of finding priceless artwork stolen by the Germans in 1943. The trail leads to Mexico, where Coplan challenges a secret organization in order to regain the paintings.",1h 38min,Entre las redes,1967
tt0060134,"5,7",['Miguel M. Delgado'],['Alfredo Ruanova'],"Añade un argumento en tu idioma
Cops vs counterfeiter on a cruise ship from La Paz, Baja California to Mazatlán, Sinaloa.",,El asesino se embarca,
tt0060796,,['Pedro Martins'],"['Armando Cortez', 'Colette Dubois', 'Frank Gold']",Añade un argumento en tu idioma,1h 30min,Operação Dinamite,1967
tt0060944,"5,8",['Claude Chabrol'],"['Claude Brulé', 'Derek Prouse', 'William Benjamin']","Añade un argumento en tu idioma
A champagne tycoon's (Furneaux) partner (Ronet) suspects his partner's gigolo husband (Perkins) of murders he's been framed for.",1h 45min,Champaña por un asesino,1967
tt0060326,"7,2",['Francisco del Villar'],"['Emilio Carballido', 'Richard Wright', 'Francisco del Villar']","Añade un argumento en tu idioma
Repressed middle-aged Catholic gets into a troublesome relationship with the prostitute next door and her little boy.",1h 33min,Domingo salvaje,1967
tt0060676,"5,2",['Alberto Lattuada'],"['Ermanno Donati', 'Piero Regnoli', 'Jack Pulman']","Un agente secreto posee un anillo que lo hace invisible una vez cada 10 horas. Él persigue a una mente criminal malvada, pero, al mismo tiempo, debe evadir a un agente enemigo que también quiere el anillo.",1h 45min,Sin rival,1967
tt0060288,"6,2",['Ralph Thomas'],"['Jimmy Sangster', 'David D. Osborn', 'Liz Charles-Williams']",El agente británico Bulldog Drummond es asignado para detener a un maestro criminal que usa mujeres hermosas para cometer sus asesinatos.,1h 41min,Más peligrosas que los hombres,1967
tt0057858,"5,2",['José Díaz Morales'],"['Rafael García Travesi', 'Fernando Osés']","Añade un argumento en tu idioma
Santo must battle an evil witch and the demons and evil spirits she brings up from Hell.",1h 16min,Atacan las brujas,1968
tt0060265,"5,2",['Albert Zugsmith'],"['Vivian Connell', 'Albert Zugsmith']","Añade un argumento en tu idioma
An unorthodox doctor makes a house call to the Acapulco abode of a mushroom addict.",1h 35min,The Chinese Room,1968
tt0060226,"5,0",['Federico Curiel'],"['Adolfo Torres Portillo', 'Luis Enrique Vergara']","Añade un argumento en tu idioma
Arácnea's residents have been desperately searching for a source of food to save the life of their queen. Earth is chosen, since human brains are apparently like health food for alien spiders.",1h 25min,Arañas infernales,1968
tt0061952,"5,6","['Fernando Cerchio', 'Nando Cicero']","['Eduardo Manzanos', 'Luciano Secchi', 'Roberto Raviola']","Añade un argumento en tu idioma
Whereas the first film concerned a string of diamond robberies , this involves the search for a couple of missing paintings by world-renowned artists - the map of the location in question is hidden inside four identical statues of a Buddha.",1h 32min,Los cuatro budas de Kriminal,1968
tt0061946,"4,8",['Richard Rush'],"['Leighton J. Peatman', 'Robert S. Weekley']","Añade un argumento en tu idioma
A wheelchair-bound mad scientist plots to revive the Third Reich. Secret agent Dick Dagger is assigned to stop him.",1h 26min,A Man Called Dagger,1968
tt0061864,"5,6",['Primo Zeglio'],"['Mario Amendola', 'José Mallorquí', 'Primo Zeglio']","Un joven regresa a su pueblo natal diez años después de matar al asesino de sus padres. Una vez allí, se le pide que ayude al sheriff.",1h 42min,Winchester: Uno entre mil,1968
tt0061054,"6,5",['Giorgos Papakostas'],['Giorgos Papakostas'],"Añade un argumento en tu idioma
Maro is being raped by her sister's husband so she leaves her house ashamed and she gets deeper into problems. One day she meets a good doctor and while she thinks she grabs happiness, secrets come up and people from their past reappear.",1h 29min,To syrtaki tis amartias,1966
tt0061340,"4,4",['Enrique López Eguiluz'],['Juan Logar'],"Añade un argumento en tu idioma
A surgeon's girlfriend dies in the operating room and begins to kill medical surgery students, amputating the hands of his victims so that they cannot harm his beloved, whom he still believes alive.",1h 25min,Agonizando en el crimen,1968
tt0061459,"5,2",['Chano Urueta'],"['Antonio Orellana', 'Fernando Osés']","Añade un argumento en tu idioma
A wrestling hero helps the police in their battle against a mad doctor and his army of female zombies.",1h 25min,Blue Demon contra cerebros infernales,1968
tt0058968,"5,9",['Carl K. Hittleman'],['Carl K. Hittleman'],"Añade un argumento en tu idioma
A visitor to the Everglades swamps in Florida encounters and falls in love with an uneducated girl. But he finds competition for her affections from the unlikely and mysterious A. Beauregard Lincoln. He also discovers danger from nature in the form of vicious alligators and from the mystical in the form of a voodoo witch doctor.",1h 8min,Big Daddy,1969
tt0061453,"4,9",['Jesús Franco'],"['Jesús Franco', 'Gert Günther Hoffmann', 'Karl Heinz Mannchen']","Añade un argumento en tu idioma
""Red Lips"" are two female detectives trying to find missing models and dancers. A pop artist called Klaus Thriller and his werewolf-like assistant, Morpho, are the main suspects for the murderers.",1h 32min,El caso de las dos bellezas,1969
tt0061432,"4,3",['Jesús Franco'],"['Jesús Franco', 'Luis Revenga', 'Gert Günther Hoffmann']","Añade un argumento en tu idioma
KISS ME, MONSTER finds The Red Lips moonlighting on a striptease world tour - but no sooner do they hit the stage than the girls are up to their pasties in stiffs, Satanists and Sapphic sadists, all after a secret formula for human clones!",1h 27min,Bésame monstruo,1969
tt0061580,"6,7",['Gonzalo Suárez'],['Gonzalo Suárez'],"Añade un argumento en tu idioma
Ditirambo is an atypical hero who never smiles, always tells the truth and carries out relentlessly as many missions entrust him. A writer's widow instructs him to locate her husband's former mistress for the purpose of revenge. Thus, the tragicomic events that lead to an unpredictable end are unleashed.",1h 43min,Ditirambo,1969
tt0062255,"5,0",['Jaime Salvador'],['Ramón Obón'],"Añade un argumento en tu idioma
A mad scientist teams with an evil, disfigured woman to kidnap and operate on young women to make her look beautiful again.",1h 25min,La señora Muerte,1969
tt0062438,"5,5",['Javier Setó'],"['Santiago Moncada', 'Javier Setó', 'Gianfranco Clerici']","Añade un argumento en tu idioma
A scheming blonde plots to steal her husband's money, not by killing him, but by driving him to the brink of insanity so that, once he's institutionalized, she and his twin brother (who she's having an affair with ] can run his estate and have all his money.",1h 31min,Viaje al vacío,1969
tt0062769,"6,7",['Michel Deville'],"['Nina Companeez', 'Michel Deville']","Añade un argumento en tu idioma
A journalist meets a pretty, young woman in Biarritz and they fall in love with each other. Once they have returned to Paris the woman disappears mysteriously.",1h 42min,"Bye bye, Barbara",1969
tt0062836,"6,2",['Vicente Aranda'],"['Vicente Aranda', 'Antonio Rabinad', 'Gonzalo Suárez']","Añade un argumento en tu idioma
A grumpy publisher receives a parcel containing a hand that may or may not be fake. A woman is following him. Someone from his past? Reality and fantasy begin to intermingle.",1h 48min,Las crueles,1969
tt0061494,"4,0","['Santos Alcocer', 'Edward Mann']","['John Melson', 'Edward Mann', 'José Luis Bayonas']","Añade un argumento en tu idioma
A blind sculptor works on his magnum opus, unaware that the skeletons that he has been using for armatures are the remains of the victims of his evil wife and that he is her next target.",1h 37min,El coleccionista de cadáveres,1968
tt0063309,"6,1",['Gilberto Martínez Solares'],"['Juan García', 'Gilberto Martínez Solares', 'Ramón Obón']",Añade un argumento en tu idioma,1h 25min,Misión cumplida,1970
tt0063696,"5,6",['R.G. Springsteen'],['Charles A. Wallace'],"Añade un argumento en tu idioma
Vietnam war hero, accused of murdering his brother, recruits his socialite girlfriend to hunt for the real killer.",1h 39min,Tiger by the Tail,1970
tt0064126,"5,0",['Pierre Koralnik'],"['F.S. Gilbert', 'Franz-André Burguet', 'Pierre Koralnik']","Añade un argumento en tu idioma
Serge Morgan is a killer working for the American Mafia. After performing a contract in New York for his employers, he takes the plane back to Paris and, during the flight, he gets to know Jane, the rich daughter of an ambassador. Once in Orly Airport he gets seriously wounded by the men of French drug kingpin Henri Emery. He manages to escape them though and takes re... Leer todo",1h 36min,Cannabis,1970
tt0063552,"5,5",['Donald Wolfe'],['Donald Wolfe'],"Añade un argumento en tu idioma
An aging actress living in her Hollywood mansion with a retinue of elderly servants employs a new, mentally disturbed, personal assistant who schemes to take over the large estate.",1h 31min,Intruso salvaje,1970
tt0064106,"7,3",['Claude Chabrol'],['Claude Chabrol'],Una amistad entre un carnicero de clase trabajadora y un maestro de escuela reprimido coincide con una serie espeluznante de asesinatos similares a los de Jack el Destripador en una ciudad francesa de las provincias.,1h 33min,El carnicero,1970
tt0064177,"7,1",['Joseph Sargent'],"['James Bridges', 'D.F. Jones']","Pensando que así se evitará la guerra, el gobierno estadounidense concede al superordenador un control total e impenetrable sobre el lanzamiento de misiles nucleares. Pero lo que el ordenador hace con la potencia es inimaginable.",1h 40min,Colossus: el proyecto prohibido,1970
tt0064413,"4,4",['Julio Diamante'],['Julio Diamante'],"Añade un argumento en tu idioma
An important industrialist suffers a neurosis. In a violent argument he strikes his wife and apparently kills her. Then the body disappears. Criminal melodrama inspired by a similar situation set out by Henri Georges Clouzot in 'Les diaboliques'.",1h 34min,Helena y Fernanda,1970
tt0064225,"6,9",['José Giovanni'],"['Joseph Harrington', 'José Giovanni']","Añade un argumento en tu idioma
Police inspector Léonetti, a tough, efficient policeman, has been sent to a second-rate police station after being reprimanded. There he is given a partner, young and beautiful Jeanne Dumas. The duo are soon assigned a very difficult mission: to find a man whose evidence is instrumental in convicting a murderer. They start searching throughout Paris...",1h 45min,Último domicilio conocido,1970
tt0064630,"3,9",['Jean-Pierre Decourt'],"['Jean-Pierre Decourt', 'Raymond Jacquet', 'Marcel Jullian']","Añade un argumento en tu idioma
Thriller Melodrama features the adventures of Marc St Jacques (known as Doctor Caribbean) and his friend Jeff, played respectively by Louis Velle and Jess Hahn.",1h 35min,Docteur Caraïbes,1970
tt0060939,"5,5",['René Cardona'],"['René Cardona', 'Adolfo Torres Portillo']","Añade un argumento en tu idioma
Famed wrestler/secret agent El Santo must venture deep into the Amazon jungle to rescue a girl who is set to be sacrificed under the full moon by the Jibaro indians.",1h 20min,Santo contra los cazadores de cabezas,1971
tt0063244,"4,3",['Doris Wishman'],"['Judy J. Kushner', 'Lawrence Perrin']",Un jugador compulsivo juega con su propia hija adolescente. Ella se convierte en la esclava sexual de su oponente.,1h 16min,Love Toy,1971
tt0064451,"7,5",['King Hu'],"['Songling Pu', 'King Hu']",Una dama fugitiva que huye de los funcionarios corruptos del gobierno se alía con un pintor poco ambicioso y unos hábiles monjes budistas.,3h 20min,Un toque de zen,1971
tt0065735,"5,7",['Piero Sciumè'],"['Tiziano Cortini', 'Ricardo Ferrer', 'Julio Salvador']","Añade un argumento en tu idioma
A couple of blackmailers abduct a child from a married couple as a means of coercing the banker husband into funneling a huge sum of cash in their direction.",1h 25min,Las fotos de una mujer decente,1971
tt0065770,"6,4",['Juan Ibáñez'],"['Juan Ibáñez', 'Arturo Rosenblueth']","Añade un argumento en tu idioma
During the Mexican Revolution, a hardened and rich lady landowner is overtaken by the violence of the times. Losing her land and house, she falls in love with a revolutionary leader that is killed by a sadistic and corrupt federal officer. She takes the revolutionary flag and leads a rampage of violence and destruction.",1h 40min,La generala,1971
tt0065761,"6,6",['Dario Argento'],"['Dario Argento', 'Luigi Cozzi', 'Dardano Sacchetti']",Un no vidente y un reportero de un periódico intentan resolver una serie de asesinatos relacionados con el proyecto de investigación de alto secreto de una compañía farmacéutica y se convierten en el objetivo del asesino.,1h 52min,El gato de 9 colas,1971
tt0065619,"4,9",['Stellan Olsson'],['Stellan Olsson'],"Añade un argumento en tu idioma
A terrifying drama about what might happen in a disaster situation. An airplane loaded with bacteriological weapons crashes in the south of Sweden, causing an epidemic.",1h 48min,Deadline,1971
tt0064143,"4,3",['Luis Marquina'],"['Luis Marquina', 'Juan Tébar']","Añade un argumento en tu idioma
At the Grand Hotel in Miami, Carla falls into the arms of her husband, the eminent Dr. Warren, and confesses to having seen Nick, the man he killed in New York, at the airport - Carla was a nightclub dancer. New York and Nick's lover. Later, Warren accidentally discovered the real reason why Carla agreed to marry him: a combination with Nick, who plot his death and th... Leer todo",1h 30min,Cerco de terror,1970
tt0065424,"5,0",['Curtis Hanson'],['Curtis Hanson'],"Un maníaco psicótico que literalmente ""ama"" a las mujeres hasta la muerte.",1h 25min,Sweet Kill,1972
tt0066192,"7,2",['Jacques Rivette'],"['Jacques Rivette', 'Suzanne Schiffman']","Añade un argumento en tu idioma
A shorter version of Out 1, noli me tangere (1971), however some of the omitted scenes of the long version are included.",4h 13min,Out 1: Spectre,1972
tt0066756,"6,6",['Julio Buchs'],"['Julio Buchs', 'Domenico Comanducci', 'Federico De Urrutia']","Añade un argumento en tu idioma
José, a young mechanic, arrives in Madrid to make it big. After being conned he loses his savings, and is taken in by Elisa, a photographer. She introduces him to Pablo and Laura. Laura makes him an offer he can't refuse and then his troubles really begin.",1h 31min,Alta tensión,1972
tt0066939,"6,7",['Joaquín Luis Romero Marchent'],"['Joaquín Luis Romero Marchent', 'Santiago Moncada']","Los bandidos atacan a un carro lleno de convictos, y solo un sargento, su hija y siete prisioneros sádicos sobreviven. El sargento debe llevar a sus prisioneros a su destino mientras se desarrolla una red de mentiras, codicia y traición.",1h 30min,Condenados a vivir,1972
tt0067015,"6,0",['Roberto Gavaldón'],"['Hugo Argüelles', 'Roberto Gavaldón']",Añade un argumento en tu idioma,1h 50min,Doña Macabra,1972
tt0066982,"5,3",['Peter Sykes'],"['Christopher Wicking', 'Frank Godwin']","Añade un argumento en tu idioma
A physician discovers that two children are being kept virtually imprisoned in their house by their father. He investigates, and discovers a web of sex, incest, and Satanic possession.",1h 29min,Los demonios de la mente,1972
tt0067052,"6,0",['Sidney Gilliat'],"['Agatha Christie', 'Sidney Gilliat']","Un joven inglés de clase trabajadora se casa con una afable heredera americana, pero su felicidad conyugal se ve pronto interrumpida cuando empiezan a construir una casa en un terreno supuestamente maldito.",1h 39min,La noche sin fin,1972
tt0060951,"4,6","['Carl Monson', 'Dwayne Avery', 'Bethel Buckalew']",['Eric Norden'],"Añade un argumento en tu idioma
Two Los Angeles detectives are assigned to track down and arrest a brutal rapist-murderer terrorizing the city. Their job is complicated by the fact that the killer is able to avoid capture because he can pose as a woman.",1h 31min,A Scream in the Streets,1973
tt0066156,"4,0",['Robert Allen Schnitzer'],"['Robert Allen Schnitzer', 'Larry Beinhart', 'Louis Pastore']","Nueva York, fin de los años 60, un grupo de estudiantes planea colocar bombas en oficinas que hacen negocios con países suramericanos gobernados por dictadores. Para ello se ponen en contacto con un terrorista experto en explosivos.",1h 20min,No hay lugar para esconderse,1973
tt0065574,"4,5",['John Hayes'],['Edward M. Wingfield'],"Añade un argumento en tu idioma
The Browns take their Catholic high school students on a picnic. As one student sneaks to her boyfriend, two others seduce escaped convicts who rape the fourth. Mrs. Brown and her husband fall victims to their prudence.",1h 15min,Bust Out,1973
tt0068236,"5,8",['Juan Luis Buñuel'],"['Juan Luis Buñuel', 'Pierre-Jean Maintigneux']","Añade un argumento en tu idioma
A married couple purchases an abandoned house in the countryside. Soon they witness strange apparitions and events. Their son and their prepubescent daughter are haunted by a poltergeist.",1h 30min,Cita con la muerte alegre,1973
tt0068547,"4,4",['José María Elorrieta'],['José María Elorrieta'],"Añade un argumento en tu idioma
A twisted sleazebag stalks and strangles gorgeous women in this Spanish terror classic.",1h 21min,El espectro del terror,1973
tt0069270,"6,9",['Claude Pinoteau'],"['Jean-Loup Dabadie', 'Claude Pinoteau', 'Francis Ryck']","Añade un argumento en tu idioma
Who is Anton Haliakov, who has just been abducted by the M.I.5 in London? A Soviet scientist apparently. But sixteen years before the man had another identity, Clément Tibère, and another nationality, French. So what led him to become Russian and to change identity? And why are the British secret services interested in him?",1h 35min,El silencioso,1973
tt0068488,"6,2",['Dino Risi'],"['Ruggero Maccari', 'Dino Risi', 'Bernardino Zapponi']","Añade un argumento en tu idioma
In 1970s Italy, an industrialist and his mistress are taken hostage by three left-wing extremists who robbed a bank but the police and a media circus follow them closely on a cross-country car chase.",1h 47min,Sábado inesperado,1973
tt0068724,"6,2",['Philippe Labro'],"['Philippe Labro', 'Jacques Lanzmann']","Añade un argumento en tu idioma
A heir of media empire investigates who the enemy of his family is.",1h 52min,El heredero,1973
tt0068382,"6,6",['Jorge Fons'],"['Ralph Barby', 'Arturo Ripstein']","Añade un argumento en tu idioma
A mayor offers five thousand dollars to the gunman Hunter to finish off Kotin without killing any of his gang.",1h 30min,Cinco mil dolares de recompensa,1974
tt0069041,"6,0",['Carlos Aured'],"['Paul Naschy', 'Carlos Aured']","Un ex convicto, atormentado por sueños en los que estrangula mujeres, es contratado como cuidador en una finca propiedad de tres hermanas muy extrañas.",1h 29min,Los ojos azules de la muñeca rota,1974
tt0068457,"6,6",['Bob Clark'],['Alan Ormsby'],"Añade un argumento en tu idioma
A young soldier killed in the Vietnam War inexplicably shows up at his family home on the night of his death.",1h 28min,Crimen en la noche,1974
tt0069243,"5,7",['Georges Lautner'],"['Richard Matheson', 'Georges Lautner']","Añade un argumento en tu idioma
On a beach in Nice, François meets the mysterious Peggy and falls in love with her. Following her to a villa, he meets Marc, a lawyer who has a strange relationship with the girl. Marc tells François that Peggy is a drug addict: she kills men who approach her.",1h 45min,Los senos de hielo,1974
tt0069435,"4,2",['Maria Virginia Onorato'],['Maria Virginia Onorato'],Añade un argumento en tu idioma,1h 55min,L'ultimo uomo di Sara,1974
tt0069022,"4,9",['David Lowell Rich'],"['Paul C. Ross', 'Antonio Santean']","Añade un argumento en tu idioma
Three adventurers--at times competing with each other, at other times allied with each other--search South Korea for a magical sword that is supposed to imbue its owner with wealth and power.",1h 24min,Al noreste de Seúl,1974
tt0069241,"5,3",['Karl Heinz Zeitler'],"['Karl Heinz Zeitler', 'Joseph Amiel', 'Ricardo Ferrer']","Añade un argumento en tu idioma
A sadistic killer pursues a beautiful woman in a twisted ""hunt"" so he can have her as his trophy.",1h 22min,Una secretaria para matar,1972
tt0068904,"5,4",['Feng Huang'],"['Feng Huang', 'Kuang Ni']","Añade un argumento en tu idioma
Stoner, an Australian cop, has been investigating the spread of a mysterious addictive drug that acts like an aphrodisiac and a hallucenogen on anyone who takes it. When his own sister falls under its influence, he travels to Hong Kong to hunt down the man behind the drug trade, the evil billionaire Mr. Chin. At the same time, a Taiwanese officer has also been sent to... Leer todo",1h 47min,Stoner: Agente muy especial,1974
tt0069909,"7,5",['Sergiu Nicolaescu'],"['Eugen Burada', 'Vintilä Corbul', 'Mircea Gandila']","Añade un argumento en tu idioma
The Iron Guard, also known as Legion of Archangel Michael, was a Romanian nationalist and patriotic movement of extreme right; as such, after it rose to power, it supported Nazi Germany and started a fierce campaign of retaliation against its political enemies. As such, in the night of November 26-27, 1940, the Death Teams executed forty political prisoners in the Jil... Leer todo",1h 54min,Un comisar acuzã,1974
tt0069735,"5,7",['Jesús García de Dueñas'],"['Jesús Torbado', 'Jesús García de Dueñas']","Añade un argumento en tu idioma
A psychologically damaged young man murders young women who sexually excite him.",1h 21min,El asesino no está solo,1975
tt0069930,"5,3",['Jesús Franco'],"['Jesús Franco', 'Elisabeth Ledu de Nesle']","Añade un argumento en tu idioma
Two wealthy aristocrats lure a virginal girl to a Spanish island for a night of sex, death and cannibalism.",1h 27min,La condesa perversa,1975
tt0070031,"5,8",['Manuel Mur Oti'],"['Emilio Martínez Lázaro', 'Rafael Moreno Alba', 'Manuel Mur Oti']","Añade un argumento en tu idioma
A beautiful young woman sets her sights on an aging millionaire. She seduces him, and moves into his mansion with him. She soon tires of him, though, and after she gets rid of him, she goes after his son",1h 35min,La encadenada,1975
tt0070312,"5,7",['León Klimovsky'],"['Ricardo Muñoz Suay', 'Paul Naschy']",Un asesino está limpiando las calles de Milán asesinando a quienes considera desviados. Sobre cada cadáver deja una libélula ornamental empapada en la sangre de la víctima.,1h 25min,Una libélula para cada muerto,1975
tt0070834,"4,6",['Earl Barton'],['Earl Barton'],Una profesora y sus alumnas se van de excursión al desierto. El autobús sufre una avería y se ven aterrorizadas por una banda de motoristas psicópatas.,1h 31min,Trip with the Teacher,1975
tt0070636,"6,1",['Gilberto Martínez Solares'],"['Jorge Barragán', 'Adolfo Martínez Solares', 'Gilberto Martínez Solares']","Añade un argumento en tu idioma
A young nun is tempted by visions of forbidden sexual fantasies to cross over to Satan.",1h 29min,Satanico Pandemonium: La Sexorcista,1975
tt0070556,"5,4","['David Worth', 'Richard Robinson']","['B.W. Sandefur', 'Jean Genet']","Añade un argumento en tu idioma
A wrong turn on jazz singer Elizabeth Wetherly's road trip in the American South results in her car breaking down near an isolated lodge run by faded starlet Bertha Collins and her son - young, homicidal Elvis Presley impersonator Eddie.",1h 32min,Matanza en el condado de Cuello Rojo,1975
tt0071164,"5,9",['Miguel Madrid'],['Miguel Madrid'],"Un estudiante de medicina está obsesionado con las muñecas, hasta que su mente degenera convirtiéndolo en un psicópata que mata a mujeres.",1h 38min,El asesino de muñecas,1975
tt0071099,"5,0",['Tulio Demicheli'],['Santiago Moncada'],"Añade un argumento en tu idioma
Un compositor español obsesivamente escribe canciones para una modelo que solo ha visto en fotografías, sin imaginarse que ella es vecina de el y su novia.",1h 34min,Juego sucio en Panamá,1975
tt0071297,"6,1",['Patrice Chéreau'],"['James Hadley Chase', 'Jean-Claude Carrière', 'Patrice Chéreau']","Una joven perturbada se mantiene prisionera en un castillo, por su tía, debido a su dinero.",1h 50min,La carne de la orquídea,1975
tt0052259,"7,4",['Alejandro Galindo'],"['Pancho Córdova', 'Rafael García Travesi', 'Raúl de Anda']",Añade un argumento en tu idioma,1h 10min,El supermacho,1960
tt0052721,"7,5",['Martin Fric'],"['Jan Drda', 'Martin Fric']","Añade un argumento en tu idioma
Cuba Drobbyan (Jiri Sovak) is a poor cavalier who has a good wife (Bela Jurdova) and eleven children. When it comes to the twelfth, Cuba decides to go into the world and get a good godfather for him. Meanwhile, the old man meets Bohas Zahorsky, but he does not want to be a godfather, because he is not equally equitable to all people, he rejects the devil (Otakar Brous... Leer todo",1h 20min,Darbuján a Pandrhola,1960
tt0053056,"6,4",['Jaroslav Mach'],['J.Z. Novak'],"Añade un argumento en tu idioma
Funny tale for the youngest viewers about a beautiful princess and a clever hunter servant who outwitted the king.",51min,Medved a strasidla,1960
tt0053768,"4,9",['Irvin S. Yeaworth Jr.'],"['Jack H. Harris', 'Dan E. Weisburd', 'Jean Yeaworth']","Añade un argumento en tu idioma
After undersea explosions near a Caribbean island, prehistoric creatures are unleashed on the population. A boy teams up with a Neanderthal and an irritated dinosaur try to stop the dinosaurs.",1h 23min,Dinosaurios,1960
tt0053598,"3,2",['Carlo Ludovico Bragaglia'],"['Sandro Continenza', 'Luciano Doria', 'Alberto Manca']","Añade un argumento en tu idioma
Hercules decides to avenge the death of his wife, murdered at the hands of Éurito, king of Ecalia, but everything is a plot of an ambitious courtier. Hercules ends up falling in love with Deyanira, who is now a good queen.",1h 42min,Las aventuras de Hercules,1960
tt0053623,"4,8",['Giorgio Simonelli'],"['Franco Castellano', 'Giuseppe Moccia', 'Mario Guerra']","Añade un argumento en tu idioma
Cassio, a tourist guide, and Primo, his bus driver, are taking a bus load of tourists to visit villa Jovis, at Capri island. Close to the Salto di Tiberio (Tiberius Fall...) they have an accident, and they knock their heads hard, losing conscience. They come awake in Tiberius villa, in the midst of an orgy, complete with a group of British dancers, mostly blondes, who... Leer todo",1h 33min,I baccanali di Tiberio,1960
tt0053693,"5,6",['Roberto Rodríguez'],"['Fernando Morales Ortiz', 'Ricardo Garibay', 'Charles Perrault']","La clásica historia de Caperucita Roja aderezada por un par de divertidos personajes como el perro Duke, compañero de la niña en sus aventuras, y la apestosa Skunk, secuaz del Lobo.",1h 25min,La caperucita roja,1960
tt0054005,"7,2",['Tapan Sinha'],"['Tapan Sinha', 'Rabindranath Tagore']",Esta es una historia de amor y las relaciones más allá de la reencarnación. Una obra de ficción que narra una antigua historia de amor y su trágico final.,1h 49min,Kshudhita Pashan,1960
tt0053786,"6,9",['Gilberto Martínez Solares'],"['Gilberto Martínez Solares', 'Julio Porter', 'Jesús Murcielago Velázquez']",Añade un argumento en tu idioma,1h 30min,El duende y yo,1961
tt0054013,"6,3","['Bruno Vailati', 'Arthur Lubin']","['Augusto Frassinetti', 'Filippo Sanjust', 'Bruno Vailati']","En la época de las mil y una noches, Bagdad está gobernada por el sultán Ali Bajazeth, pero en realidad está controlada por el intrigante gran visir Gamal. Los pobres de Bagdad cuentan con la ayuda de Karim, el ladrón de Bagdad.",1h 40min,El ladrón de Bagdad,1961
tt0054850,"6,2",['Mario Bava'],"['Sandro Continenza', 'Mario Bava', 'Francesco Prosperi']","Añade un argumento en tu idioma
Hercules must journey into Hades itself to retrieve the magic stone that will free his love from the powers of darkness.",1h 31min,Hércules en el centro de la Tierra,1961
tt0054672,"8,2","['Alfred Stöger', 'Rudolf Steinboeck']",['Ferdinand Raimund'],Añade un argumento en tu idioma,1h 34min,Der Bauer als Millionär,1961
tt0054618,"7,0",['Aleksandr Ptushko'],"['Alexander Grin', 'Aleksei Nagornyj', 'Aleksandr Yurovsky']","Añade un argumento en tu idioma
A little girl Assol met a wizard and it has been foretold: ""... it will be a fine sunny day when a beautiful ship under scarlet sail comes and the noble prince will take you away from here. He'll take you to the world of your dreams, where you will be loved and happy."" The neighbours told jokes about her, children teased her, but she waited for her prince. She trusted... Leer todo",1h 28min,Las velas escarlatas,1961
tt0054739,"6,3",['Eldar Ryazanov'],['Leonid Zorin'],"En el sueño de un joven antropólogo, éste lleva a Moscú a un miembro de la imaginaria tribu montañesa Tapi, con el fin de salvarlo de ser devorado por otros miembros de la tribu, y demostrar la existencia de la tribu al mundo académico.",1h 21min,Chelovek niotkuda,1961
tt0054854,"7,2",['Dusan Vukotic'],['Rudolf Sremec'],"Añade un argumento en tu idioma
Simple story about the man who comes to the beach and uses inflatable objects for all of his needs.",10min,Surogat,1961
tt0054860,"4,4",['Don Taylor'],"['Benedict Freedman', 'John Fenton Murray']","Añade un argumento en tu idioma
Two sailors sneak a talking duck on board their ship. Complications ensue.",1h 20min,Everything's Ducky,1961
tt0054649,"6,1",['Jack Donohue'],"['Victor Herbert', 'Glen MacDonough', 'Ward Kimball']","Añade un argumento en tu idioma
Mary Contrary is set to marry Tom Piper when he is kidnapped by Roderigo and Gonzorgo, two goons working for the evil Barnaby who wants to marry Mary for her inheritance.",1h 46min,El bosque sin retorno,1961
tt0054638,"7,9",['Ivo Caprino'],"['Peter Christen Asbjørnsen', 'Jørgen Moe']","Añade un argumento en tu idioma
A young man named Ashlad is getting out on a journey in which he attempts to win both the king's daughter and half the kingdom. But it shall be more difficult than he had imagined.",15min,Askeladden og de gode hjelperne,1961
tt0053694,"4,5",['Roberto Rodríguez'],"['Fernando Morales Ortiz', 'Adolfo Torres Portillo', 'Sergio Magaña Hidalgo']","Añade un argumento en tu idioma
Follow up to Caperucita y sus tres amigos. Caperucita, the Wolf and the Ogre are captured by the Witch Queen, accused of treason by the Vampire. Caperucita, followed by a host of old and new characters begin the adventure to rescue their friends.",1h 22min,Caperucita y Pulgarcito contra los monstruos,1962
tt0054665,"7,7",['Karel Zeman'],"['Jirí Brdecka', 'Gottfried August Bürger', 'Josef Kainar']","El descarado Barón Munchausen cuenta sus numerosas aventuras, desde conocer a un hombre en la Luna hasta derrotar él solo a un ejército turco entero.",1h 23min,El barón fantástico,1962
tt0054637,"6,1",['Duccio Tessari'],"['Ennio De Concini', 'Duccio Tessari']","Añade un argumento en tu idioma
An evil king makes a bargain with a devil in order to get away with murdering his wife.",1h 50min,Los titanes,1962
tt0054893,"4,5",['Benito Alazraki'],['Alfredo Salazar'],"Añade un argumento en tu idioma
Two screwballs get mixed up with monsters, mad scientists and vampires.",1h 16min,Frankestein el vampiro y compañía,1962
tt0054811,"5,7",['Luis María Delgado'],"['Alfredo Alaria', 'Luis María Delgado', 'Jorge Griñán']","Un hombre adinerado tiene dos hijos, uno maduro y centrado, y otro, Alfredo, alocado y fiestero, e intenta usar a uno como modelo para cambiar al otro.",1h 31min,Diferente,1962
tt0055924,"6,0",['Emilio Gómez Muriel'],"['Jaime García Herranz', 'Emilio Gómez Muriel', 'Jules Verne']","Un barco zarpa solamente con quince jóvenes a bordo por culpa de una travesura. Tras alcanzar una isla, deberán superar sus diferencias para organizarse y sobrevivir.",1h 32min,Dos años de vacaciones,1962
tt0056257,"5,1",['Peter Perry Jr.'],"['Al Hopson', 'Denise Daniels', 'Mickey Frantz']","Un hombre pide ""ambrosía animal"" para convertirse en animal y poder ver mujeres desnudas.",1h 10min,Mr. Peters' Pets,1962
tt0055564,"5,0",['Mario Caiano'],"['Mario Caiano', 'André Tabet']","Añade un argumento en tu idioma
Ulysses offends the gods by blinding the Cyclops, so they send Hercules to capture him and bring him to them.",1h 45min,Ulises contra Hércules,1962
tt0055988,"5,7",['Irwin Allen'],"['Jules Verne', 'Charles Bennett', 'Irwin Allen']","En 1862, los británicos encargan al inventor Fergusson que reclame para Gran Bretaña tierras inexploradas en África Occidental, volando allí con su gigantesco globo aerostático.",1h 41min,Cinco semanas en globo,1962
tt0055946,"2,3",['Arch Hall Sr.'],"['Bob Wehling', 'Arch Hall Sr.']","Añade un argumento en tu idioma
Teenagers stumble across a prehistoric caveman, who goes on a rampage.",1h 32min,Eegah,1962
tt0054382,"3,5",['Antonio Leonviola'],"['Antonio Leonviola', 'Fabio Piccioni', 'Sofia Scandurra']","Añade un argumento en tu idioma
A race of Amazon warriors is enslaving the men of a country, and the mighty Thor is called upon to help them regain their freedom.",1h 35min,Las gladiadoras,1963
tt0055802,"7,0",['Jaroslav Balík'],['Josef Nesvadba'],"Añade un argumento en tu idioma
A dark comedy, set during the second World War in Germany. Mentally retarded 16 year old boy manages to calculate the exact focus of miniature rockets and mercilessly kills people he does not like.",,Blbec z Xeenemunde,
tt0056343,"4,8",['Alberto De Martino'],"['Mario Guerra', 'Luciano Martino', 'José Mallorquí']","Un guerrero lucha contra la malvada Medusa, su ejército de guerreros de piedra y un monstruoso dragón.",1h 22min,El valle de los hombres de piedra,1963
tt0056844,"7,2",['Vojtech Jasný'],"['Jirí Brdecka', 'Vojtech Jasný', 'Jan Werich']","Añade un argumento en tu idioma
People arrive in a small village with a strange cat wearing glasses. When someone takes them off, he can color people, according to their nature and mood. Adults consider him dangerous; children love him.",1h 44min,"Un día, un gato",1963
tt0056950,"4,8",['Giorgio Ferroni'],"['Remigio Del Grosso', 'Arrigo Equini', 'Giorgio Ferroni']","Añade un argumento en tu idioma
A prince passes himself off as Hercules and does battle with an evil queen and her bloodthirsty religious cult in Mycene, in order to free the people of a neighboring kingdom.",1h 42min,Ercole contro Moloch,1963
tt0056824,"5,9",['René Bonnière'],['David Walker'],"Añade un argumento en tu idioma
A man obsessed with his award-winning lawn goes to great lengths to keep it looking great when mushrooms suddenly start appearing all over the yard.",1h 19min,Amanita Pestilens,1963
tt0057036,"4,9",['Pietro Francisci'],['Pietro Francisci'],"Añade un argumento en tu idioma
Two strongmen set out to hunt down a murderous sea monster. Their ship is wrecked and they end up in the Holy Land where Hercules is assumed to be Samson who is a wanted man. The two team up to survive.",1h 33min,Hércules contra Sansón,1963
tt0057019,"5,6",['Arturo Martínez'],"['Sergio Barrios', 'René Cardona', 'Roberto Cañedo']","Añade un argumento en tu idioma
During the Spanish colonization of Mexico, a time of duels with swords and witches' spells, a woman who is desired by all men wants only power and uses violence and crime to get it. She is condemned to death but gets a potion from a witch doctor that will make her look like she is dead. She reappears later as her own twin sister, recently arrived from Spain, and she u... Leer todo",1h 20min,La duquesa diabólica,1964
tt0057009,"5,8",['Arturo Martínez'],"['Carlos Enrique Taboada', 'Raúl de Anda']","Añade un argumento en tu idioma
It's Mexico in the 1600's. Fifteen years after arriving from Spain, Pedro ""Dagoberto Rodríguez"" teaches his son Carlos ""Rodolfo De Anda"" his famous fencing moves. One day as he is going home, Carlos runs into some men who are trying to kidnap two young ladies. While defending them, Carlos kills one of the assistants to the viceroy and has to flee so he can later attem... Leer todo",1h 30min,Dos caballeros de espada,1964
tt0057404,"6,0",['Ion Popescu-Gopo'],['Ion Popescu-Gopo'],"Añade un argumento en tu idioma
An aspiring astronaut prepares his ship for take-off, plugs in a razor and causes a blackout. In the deep darkness the boy imagines himself meeting the literary characters who have enthralled readers past with their stories of space travel.",1h 14min,Pasi spre luna,1964
tt0057897,"6,3",['Harry Keller'],"['Oscar Brodney', 'Thomas Anstey Guthrie']","Añade un argumento en tu idioma
An architect buys an antique brass bottle that contains an ancient genie who's determined to fulfill his new master's every wish.",1h 29min,"Mi novio está loco, loco",1964
tt0057894,"7,2",['Karel Zeman'],"['Pavel Jurácek', 'Radovan Krátky', 'Milos Macourek']","Añade un argumento en tu idioma
Karel Zeman's brilliant animation, cowritten with Jurácek: ironic, surreal, following the adventures of a plowboy and a mercenary to the battlefields of the Thirty Years War.",1h 22min,Crónica de un bufón,1964
tt0057865,,['Ram Dayal'],"['Mumtaz Askari', 'Vijaya Choudhury', 'Jeevan Dhar']","Añade un argumento en tu idioma
When a child is crushed under the evil prime minster's chariot, the father of the deceased child kidnaps and raises the prime minster's child as his own to become a rebel.",,Baghi,
tt0054240,"3,0",['Stephen C. Apostolof'],['Edward D. Wood Jr.'],"Añade un argumento en tu idioma
A couple driving to a cemetery looking for inspiration for a horror story encounters the dancing dead.",1h 32min,La orgía de los muertos,1965
tt0058662,"6,4",['Gilberto Martínez Solares'],"['Gilberto Martínez Solares', 'Germán Valdés']","Añade un argumento en tu idioma
Tin-Tan Cruz, a taxi driver who is accused of stealing money from tourists, escapes to an island where men are prisoners of god Mio Mao and women are ruled by wicked king Soleto.",1h 30min,Tintansón CruZoe,1965
tt0058374,"6,3",['Aleksandr Rou'],"['Nikolay Erdman', 'Mikhail Volpin']","Añade un argumento en tu idioma
A fairy-tale about a conceited young man and a young woman with a tyrannical step-mother, who must overcome magical trials in order to be together.",1h 24min,Morozko,1965
tt0058423,"7,2","['Erast Garin', 'Khesya Lokshina']","['Erast Garin', 'Khesya Lokshina', 'Evgeniy Shvarts']","Añade un argumento en tu idioma
How difficult it is to be a real person. This was fully felt ""in his own skin"" by the bear, whom the wizard turned into a beautiful young man. The most terrible was the condition set by the magician.",1h 39min,Obyknovennoe chudo,1965
tt0059172,"5,5",['Vicente Aranda'],"['Vicente Aranda', 'Gonzalo Suárez']","Añade un argumento en tu idioma
The inhabitants of a strange desert Barcelona are gradually leaving the city in a panic group. The victims of a serial killers seem to feel strangely attracted by their executioners. Only Gim, an attractive blonde advertising model, decides to face her destiny.",1h 24min,Fata Morgana,1966
tt0059557,"6,4",['Daniel Mann'],"['Hal Fimberg', 'Ben Starr']","Científicos usan el ecoterrorismo para imponer su voluntad en el mundo al afectar los extremos en el clima, el Jefe de Inteligencia Cramden llama al agente superior Derek Flint.",1h 48min,"Flint, agente secreto",1966
tt0059604,"4,5",['Alfredo B. Crevenna'],"['Alfredo Ruanova', 'Emilio Gómez Muriel']","Añade un argumento en tu idioma
A group of sexy space vixens fly down to Earth, set up shop at a carnival, and kidnap some earthlings for use in their scheme to conquer this planet.",1h 26min,El planeta de las mujeres invasoras,1966
tt0059495,"6,4",['George Harrison Marks'],"['Terry Maher', 'George Harrison Marks', 'Jim McDonald']","Añade un argumento en tu idioma
Work of popular nude photographer.",1h 24min,The Naked World of Harrison Marks,1966
tt0059032,"3,5",['Rossano Brazzi'],"['Paul Tripp', 'Rossano Brazzi']","Añade un argumento en tu idioma
Santa has to get a job as Santa to earn money to pay his overdue rent bill",1h 34min,Il Natale che quasi non fu,1966
tt0059222,"4,3",['Alfredo B. Crevenna'],"['Emilio Gómez Muriel', 'Alfredo Ruanova']","Añade un argumento en tu idioma
Daniel Wolf, scientist with a brand new rocket ship and a girlfriend/secretary is sent to 'the planet of the eternal night' to fight the guy who has threatened earth.",1h 28min,Gigantes planetarios,1966
tt0060104,"6,7",['Lekh Tandon'],"['Arjun Dev Rashk', 'Balbir Singh', 'Omkar Sahib']","Añade un argumento en tu idioma
A victory over neighboring state Vaishai has always eluded Magadh Samrat Ajaatshatru despite being winning and taking control over all neighboring states. He attacks Vaishali only get defeated again. Wounded, lost and on the run, Ajaatshatru dons the guise of a Vaishali soldier and takes shelter with a woman named Amrapali and they fall in love with each other. Ajaats... Leer todo",1h 59min,Amrapali,1966
tt0059010,"6,4",['Gilberto Martínez Solares'],['Roberto Gómez Bolaños'],"Añade un argumento en tu idioma
A group of people, including Capulina and Viruta, head towards the city by train. A heavy storm interrupts their journey and now they must take a haunted path to reach they city. (English Subtitled)",1h 25min,El camino de los espantos,1967
tt0060718,"6,6",['Jan Nemec'],"['Ester Krumbachová', 'Jan Nemec']","Añade un argumento en tu idioma
A series of loosely-connected shorts comprised of three tales representing different aspects of love: temptation, dreams, and adventure.",1h 11min,Mucedníci lásky,1967
tt0060938,"5,2",['Alfredo B. Crevenna'],['Rafael García Travesi'],El luchador enmascarado lucha contra los marcianos con la intención de apoderarse de la Tierra.,1h 32min,Santo Versus la invasión de los marcianos,1967
tt0060966,"7,0",['Joseph W. Sarno'],['Joseph W. Sarno'],"Añade un argumento en tu idioma
The Cocoa Poodle bar is the central meeting place for the denizens of a bohemian suburban area. Janet, a rather colorless model, is jealous of her artist/mentor Tanya, who attracts the attention of all the local guys. An exotic card-reader offers her a pair of earrings which will give her power over others. She soon becomes the center of attention, but commits a fatal... Leer todo",1h 13min,The Sex Cycle,1967
tt0060400,"6,7",['André Hunebelle'],"['Pierre Souvestre', 'Marcel Allain', 'Jean Halain']",Los famosos y desafortunados cazadores de Fantomas de Francia viajan a la extraña Escocia en un último intento de llevar ante la justicia a un insolente criminal.,1h 40min,Fantomas contra Scotland Yard,1967
tt0061790,,['Sang Siu'],['Sang Siu'],Añade un argumento en tu idioma,1h 38min,Sheng huo xiong feng da po huo lian zhen,1967
tt0060108,"6,5",['Francisco del Villar'],"['Fernando Galiana', 'Adolfo Torres Portillo']",Añade un argumento en tu idioma,1h 35min,Los ángeles de Puebla,1968
tt0060379,"7,4",['Servando González'],"['Jorge Durán Chávez', 'Rafael García Travesi', 'Servando González']","Añade un argumento en tu idioma
A woman who is about to die calls the town's priest and hands him a scapulary, saying that she knows of its great powers. Anybody who does not believe in them will end up dead.",1h 25min,El escapulario,1968
tt0061561,"5,0",['Doris Wishman'],['Doris Wishman'],"Añade un argumento en tu idioma
Zeb finds a doll and a ring in a garbage can. Then, he sees Ann going to work with her friend Babs. He thinks she looks like the doll. When he gets home, he caresses the doll... Ann feels it! When Zeb finds out about Ann's fiance Tom, he really gets mad, burns the doll, and beats it up, which makes Ann think she's losing her mind.",1h 15min,Indecent Desires,1968
tt0061643,"6,7",['Alejandro Jodorowsky'],"['Fernando Arrabal', 'Alejandro Jodorowsky']","Añade un argumento en tu idioma
Fando and his partially-paralyzed lover Lis search for the mythical city of Tar. Based on Jodorowsky's memories of a play by surrealist Fernando Arrabal.",1h 33min,Fando y Lis,1968
tt0062503,"5,4",['Peter Hall'],"['Jeremy Brooks', 'Henry Livings']","Añade un argumento en tu idioma
Everyone is employed by the ultra-modern DICE Corporation, but Valentine Brose would rather stay at home to tend his psychedelic mushrooms.",1h 33min,Work Is a Four Letter Word,1968
tt0062729,"4,4",['Alex Lovy'],['Cal Howard'],"Añade un argumento en tu idioma
Colonel Rimfire chases Cool Cat into a deserted house. Unfortunately, they are not alone. A ghost tries to befriend the two, but neither of them want to be friends with him because he is a spook.",6min,Big Game Haunt,1968
tt0062803,"6,9",['Ken Hughes'],"['Ian Fleming', 'Roald Dahl', 'Ken Hughes']","Un inventor con poca suerte convierte un viejo coche de carreras en un fantástico vehículo para la familia, y se embarca con sus hijos en una mágica aventura fantástica para salvar a su abuelo en una tierra lejana.",2h 24min,Chitty Chitty Bang Bang,1968
tt0062737,"6,8",['Robert Stevenson'],"['Bill Walsh', 'Don DaGradi', 'Ben Stahl']","Un entrenador universitario compra un calentador de camas antiguo, heredando así el travieso fantasma del conocido pirata Barbanegra que está condenado a quedarse en el limbo hasta que realice una buena acción.",1h 46min,Mi amigo el fantasma,1968
tt0063023,"8,7",['Satyajit Ray'],"['Satyajit Ray', 'Upendra Kishore Raychowdhuri']","Añade un argumento en tu idioma
Goopy wants to sing, and Bagha wants to play the dhol. They meet accidentally and are helped by King of Ghosts. With newly endowed abilities, they land in kingdom of Shundi, where their adventure begins.",2h 12min,Goopy Gyne Bagha Byne,1969
tt0062743,"5,8",['Gilberto Martínez Solares'],"['Raúl Martínez Solares', 'Rafael Pérez Grovas']","Añade un argumento en tu idioma
Blue Demon must battle against a group of alien women looking to kidnap men from planet earth.",1h 27min,Blue Demon y las invasoras,1969
tt0063340,"5,2",['Tinto Brass'],"['Tinto Brass', 'Gian Carlo Fusco', 'Francesco Longo']","Añade un argumento en tu idioma
A taboo-smasher of the late '60s, featuring interracial affairs, anti-Vietnam statements, violence versus sex. Take a whirlwind trip with a married woman whose journey through the psychedelic English youth scene awakens her to the carnal offerings of an African-American man, all set to a searing soundtrack by Freedom, a tripped-out group formed from the remnants of Pr... Leer todo",1h 17min,Nerosubianco,1969
tt0063699,"6,6","['Elisabeta Bostan', 'Nicolae Codrescu']","['Elisabeta Bostan', 'Ion Creanga', 'Jane Wagner']","Añade un argumento en tu idioma
A young man's quest for a kingdom promising eternal youth and immortality. To reach his goal he must fulfill the three wishes of the Emperor's daughter, retrieve three golden objects and answer three riddles set by the Lord of Time",1h 27min,Tinerete fara batrînete,1969
tt0063216,"7,2","['Apollinari Dudko', 'Konstantin Sergeyev']","['Yelena Yevteyeva', 'John Markovsky', 'Makhmud Esambayev']","Añade un argumento en tu idioma
The sorcerer, rejected by the princess, turns her into a swan. Screen adaptation of the ballet of the same name by Pyotr Ilyich Tchaikovsky.",1h 18min,El lago de los cisnes,1969
tt0064258,"6,5",['Wei Lo'],['Wei Lo'],"Añade un argumento en tu idioma
After being implicated in the theft of the Jade Dragon Sword, Fan Ying is banished to the Dragon Swamp for 20 years.",1h 45min,Du long tan,1969
tt0064443,"4,7",['Michael Armstrong'],"['Michael Armstrong', 'Gerry Levy']","Añade un argumento en tu idioma
Teenagers gathered in an old mansion are being murdered one by one. The survivors must discover who among them is the killer before he finishes off everybody.",1h 32min,Crímenes en la oscuridad,1969
tt0064425,"6,6",['Édouard Molinaro'],"['Jean Bernard-Luc', 'Jacques Vilfrid', 'Louis de Funès']",Un rico hombre de negocios se enfrenta a un problema bastante extraño: el abuelo de su mujer ha revivido gracias a la ciencia. Pero él no es consciente de que han pasado muchas décadas.,1h 22min,El abuelo congelado,1969
tt0060477,"7,3",['Gilberto Martínez Solares'],"['Joel Harrison', 'Gilberto Martínez Solares', 'John Anderson']","Añade un argumento en tu idioma
An alcoholic janitor is fired from his job at an orphanage, and is befriended by an angel in the guise of a little girl, who proceeds to change his life.",1h 35min,Gregorio y su ángel,1970
tt0062701,"6,0",['Pupi Avati'],"['Pupi Avati', 'Giorgio Celli', 'Enzo Leonardi']","Añade un argumento en tu idioma
The story about a sinister magician-dwarf, physically unable to love a woman. His wife's betrayals and an obsessive isolation drive him to despair.",1h 39min,Balsamus l'uomo di Satana,1970
tt0064190,"6,7",['Alejandro Galindo'],"['Alejandro Galindo', 'Enrique Rosado']",Añade un argumento en tu idioma,1h 30min,Cristo 70,1970
tt0064843,"7,0",['Pavel Jurácek'],"['Pavel Jurácek', 'Jonathan Swift']","Añade un argumento en tu idioma
Lemuel Gulliver (Lubomír Kostelka) has had a car accident and continues his journey across the unknown countryside on foot. On the road he finds a dead rabbit dressed like a man and takes a watch from its waistcoat breast pocket. The half-ruined house that he enters reminds Lemuel of his childhood and brings up a painful memory of a dearly loved girl Markéta who was d... Leer todo",1h 47min,Prípad pro zacínajícího kata,1970
tt0065050,"8,5",['Murray Woroner'],"['Rocky Marciano', 'Muhammad Ali', 'Jimmy Braddock']","Añade un argumento en tu idioma
Fictional boxing match between two of the greatest heavyweights of all time.",1h 10min,The Super Fight,1970
tt0064806,"6,7","['Chuck Jones', 'Abe Levitow', 'Dave Monahan']","['Chuck Jones', 'Sam Rosen', 'Norton Juster']","Añade un argumento en tu idioma
Milo is a boy who is bored with life. One day he comes home to find a toll booth in his room. Having nothing better to do, he gets in his toy car and drives through - only to emerge in a world full of adventure.",1h 30min,La puerta mágica,1970
tt0064932,"6,0",['Gilberto Martínez Solares'],"['Rafael García Travesi', 'Jesús Sotomayor Martínez']","Añade un argumento en tu idioma
To foil his plan for world domination, wrestling superheroes El Santo and Blue Demon battle the mad Dr. Halder and his army of reanimated monsters.",1h 25min,Santo el enmascarado de plata y Blue Demon contra los monstruos,1970
tt0064554,"6,6",['Pavel Arsenov'],"['Carlo Gozzi', 'Vadim Korostylyov']","Añade un argumento en tu idioma
Deramo, kind, but simple-hearted king of Serendippe, wishes to marry. But here's the problem: how to find out which of the contenders really loves Deramo, and which one simply counts on the royal throne? The wizard Durandarte gives the king a statue of a fool who laughs if someone says untruth. Outwardly, the idiot is similar to the favorite of the king by the first m... Leer todo",1h 17min,Korol-olen,1970
tt0065073,"6,3",['Peter Sasdy'],"['Anthony Hinds', 'Bram Stoker']","Añade un argumento en tu idioma
After killing his disciple, three English gentlemen unwittingly resurrect Count Dracula, who seeks to avenge his servant by making the trio die by the hands of their own children.",1h 31min,El poder de la sangre de Drácula,1970
